year,McGorray,Singh,Wilson
1997,,,42
1998,42,,
1999,,,
2000,,,
2001,,,
2002,,,
2003,,,
2004,,,
2005,,,
2006,,,
2007,,,61
2008,,,
2009,,,
2010,,,
2011,,42.6470588,
2012,,63.28125,
2013,,56.5217391,
2014,,52.3076923,
2015,,57.9439252,
2016,,64.2276423,
2017,,53.4351145,64
2018,59,55.625,
2019,,49.4186047,
2020,,53.7313433,
2021,,67.4846626,
2022,,65.6934307,
